Role,Skills
Data Scientist,"Python,SQL,Machine Learning,Statistics,Pandas"
Machine Learning Engineer,"Python,TensorFlow,Deep Learning,Statistics,Scikit-Learn"
AI Engineer,"Python,Machine Learning,Deep Learning,NLP,TensorFlow"
Data Analyst,"SQL,Excel,Power BI,Python,Statistics"
Business Analyst,"Excel,SQL,Power BI,Communication,Analytics"
Backend Developer,"Python,Django,REST API,SQL,Git"
Frontend Developer,"HTML,CSS,JavaScript,React,Git"
Full Stack Developer,"HTML,CSS,JavaScript,React,Node.js,SQL"
DevOps Engineer,"AWS,Docker,Kubernetes,Linux,CI/CD"
Cloud Engineer,"AWS,Azure,Docker,Linux,Networking"
Cloud Architect,"AWS,Azure,GCP,Kubernetes,Terraform"
Cyber Security Analyst,"Networking,Linux,Security,Python,Ethical Hacking"
Ethical Hacker,"Penetration Testing,Networking,Linux,Security"
Network Engineer,"Networking,Cisco,Linux,Troubleshooting"
Software Engineer,"Python,Java,Data Structures,Algorithms,Git"
Java Developer,"Java,Spring Boot,SQL,REST API"
Python Developer,"Python,Flask,Django,SQL,APIs"
Mobile App Developer,"Flutter,Dart,Firebase,APIs,Git"
Android Developer,"Java,Kotlin,Android Studio,Firebase"
iOS Developer,"Swift,Xcode,APIs,Git"
UI/UX Designer,"Figma,Wireframing,Prototyping,User Research"
Graphic Designer,"Photoshop,Illustrator,Canva,Branding"
Product Designer,"Figma,UX,UI,Research,Prototyping"
Product Manager,"Agile,Scrum,Communication,Analytics"
Project Manager,"Agile,Scrum,Leadership,Planning"
QA Engineer,"Testing,Selenium,Automation,Python"
Automation Tester,"Selenium,Java,Testing,Automation"
Database Administrator,"SQL,MySQL,PostgreSQL,Database Optimization"
Data Engineer,"Python,SQL,ETL,Spark,Hadoop"
Big Data Engineer,"Spark,Hadoop,Kafka,Python"
NLP Engineer,"Python,NLP,Transformers,Deep Learning"
Computer Vision Engineer,"Python,OpenCV,Deep Learning,TensorFlow"
Research Scientist,"Machine Learning,Deep Learning,Python,Research"
Blockchain Developer,"Solidity,Ethereum,Smart Contracts,Web3"
Game Developer,"Unity,C#,Game Design,Physics"
AR/VR Developer,"Unity,C#,AR,VR,Development"
Embedded Systems Engineer,"C,C++,Microcontrollers,IoT"
IoT Engineer,"Embedded Systems,Sensors,Networking,MQTT"
Robotics Engineer,"Python,ROS,Automation,Embedded Systems"
AI Product Manager,"AI,Analytics,Product Management"
Technical Writer,"Documentation,APIs,Communication"
Site Reliability Engineer,"Linux,AWS,Monitoring,Kubernetes"
MLOps Engineer,"Python,Docker,Kubernetes,MLflow,AWS"
BI Developer,"Power BI,SQL,Data Visualization"
Cloud Security Engineer,"AWS,Security,Networking,Linux"
Digital Marketing Specialist,"SEO,SEM,Analytics,Content Marketing"
SEO Specialist,"SEO,Google Analytics,Content Marketing"
Social Media Manager,"Content Creation,Branding,Analytics"
Content Writer,"Writing,SEO,Research,Communication"
Web Designer,"HTML,CSS,JavaScript,Figma"
Salesforce Developer,"Salesforce,Apex,CRM,Automation"
SAP Consultant,"SAP,ERP,Business Processes"
Financial Analyst,"Excel,Financial Modeling,Analytics"
HR Analyst,"Recruitment,Analytics,Communication"